"file","caption","alt_text","category","png_time","StartTime"
"bio1_sizeatage.png","Length at age in the beginning of the year (or season) in the ending year of the model. Shaded area indicates 95% distribution of length at age around estimated growth curve.",NA,"Bio",2022-12-05 12:34:22,"StartTime: Mon Dec 5 12:16:33 2022"
"bio2_sizeatage_plus_CV_and_SD.png","Length at age (top-left panel) with CV (thick line) and SD (thin line) of length at age shown in top-right and lower-left panels",NA,"Bio",2022-12-05 12:34:22,"StartTime: Mon Dec 5 12:16:33 2022"
"bio3_sizeatage_plus_WT_and_MAT.png","Length at age (top-left panel) with weight (thick line) and maturity (thin line) shown in top-right and lower-left panels",NA,"Bio",2022-12-05 12:34:22,"StartTime: Mon Dec 5 12:16:33 2022"
"bio1B_len_at_age_matrix_1.png","Distribution of length at age for seas: 1 sub_seas: 1 morph: 1",NA,"Bio",2022-12-05 12:34:22,"StartTime: Mon Dec 5 12:16:33 2022"
"bio1B_len_at_age_matrix_2.png","Distribution of length at age for seas: 1 sub_seas: 1 morph: 2",NA,"Bio",2022-12-05 12:34:22,"StartTime: Mon Dec 5 12:16:33 2022"
"bio1B_len_at_age_matrix_3.png","Distribution of length at age for seas: 1 sub_seas: 2 morph: 1",NA,"Bio",2022-12-05 12:34:22,"StartTime: Mon Dec 5 12:16:33 2022"
"bio1B_len_at_age_matrix_4.png","Distribution of length at age for seas: 1 sub_seas: 2 morph: 2",NA,"Bio",2022-12-05 12:34:22,"StartTime: Mon Dec 5 12:16:33 2022"
"bio5_weightatsize.png","Weight-length relationship",NA,"Bio",2022-12-05 12:34:22,"StartTime: Mon Dec 5 12:16:33 2022"
"bio6_maturity.png","Maturity at length",NA,"Bio",2022-12-05 12:34:22,"StartTime: Mon Dec 5 12:16:33 2022"
"bio7_fecundity.png","Fecundity",NA,"Bio",2022-12-05 12:34:22,"StartTime: Mon Dec 5 12:16:33 2022"
"bio8_fecundity_wt.png","Fecundity as a function of weight",NA,"Bio",2022-12-05 12:34:22,"StartTime: Mon Dec 5 12:16:33 2022"
"bio9_fecundity_len.png","Fecundity as a function of length",NA,"Bio",2022-12-05 12:34:22,"StartTime: Mon Dec 5 12:16:33 2022"
"bio10_spawningoutput_len.png","Spawning output at length. This is the product of maturity and fecundity unless maturity is age-based, in which case only fecundity is represented.",NA,"Bio",2022-12-05 12:34:22,"StartTime: Mon Dec 5 12:16:33 2022"
"bio11_spawningoutput_age.png","Spawning output at age. This is the product of maturity and fecundity. When these processes are length-based they are converted into the age dimension using the matrix of length at age.",NA,"Bio",2022-12-05 12:34:22,"StartTime: Mon Dec 5 12:16:33 2022"
"bio21_natmort.png","Natural mortality",NA,"Bio",2022-12-05 12:34:22,"StartTime: Mon Dec 5 12:16:33 2022"
"sel01_multiple_fleets_length1.png","Selectivity at length for multiple fleets.",NA,"Sel",2022-12-05 12:34:22,"StartTime: Mon Dec 5 12:16:33 2022"
"sel02_multiple_fleets_age1.png","Selectivity at age for multiple fleets.",NA,"Sel",2022-12-05 12:34:22,"StartTime: Mon Dec 5 12:16:33 2022"
"sel02_multiple_fleets_age2.png","Selectivity at age derived from selectivity at length for multiple fleets.",NA,"Sel",2022-12-05 12:34:22,"StartTime: Mon Dec 5 12:16:33 2022"
"sel09_len_flt1sex1.png","Female ending year selectivity for Trawl",NA,"Sel",2022-12-05 12:34:22,"StartTime: Mon Dec 5 12:16:33 2022"
"sel09_len_flt1sex2.png","Male ending year selectivity for Trawl",NA,"Sel",2022-12-05 12:34:22,"StartTime: Mon Dec 5 12:16:33 2022"
"sel09_len_flt2sex1.png","Female ending year selectivity for Live",NA,"Sel",2022-12-05 12:34:22,"StartTime: Mon Dec 5 12:16:33 2022"
"sel09_len_flt2sex2.png","Male ending year selectivity for Live",NA,"Sel",2022-12-05 12:34:22,"StartTime: Mon Dec 5 12:16:33 2022"
"sel09_len_flt3sex1.png","Female ending year selectivity for Dead",NA,"Sel",2022-12-05 12:34:22,"StartTime: Mon Dec 5 12:16:33 2022"
"sel09_len_flt3sex2.png","Male ending year selectivity for Dead",NA,"Sel",2022-12-05 12:34:22,"StartTime: Mon Dec 5 12:16:33 2022"
"sel09_len_flt4sex1.png","Female ending year selectivity for RecO",NA,"Sel",2022-12-05 12:34:22,"StartTime: Mon Dec 5 12:16:33 2022"
"sel09_len_flt4sex2.png","Male ending year selectivity for RecO",NA,"Sel",2022-12-05 12:34:22,"StartTime: Mon Dec 5 12:16:33 2022"
"sel09_len_flt5sex1.png","Female ending year selectivity for RecS",NA,"Sel",2022-12-05 12:34:22,"StartTime: Mon Dec 5 12:16:33 2022"
"sel09_len_flt5sex2.png","Male ending year selectivity for RecS",NA,"Sel",2022-12-05 12:34:22,"StartTime: Mon Dec 5 12:16:33 2022"
"sel09_len_flt6sex1.png","Female ending year selectivity for Onboard",NA,"Sel",2022-12-05 12:34:22,"StartTime: Mon Dec 5 12:16:33 2022"
"sel09_len_flt6sex2.png","Male ending year selectivity for Onboard",NA,"Sel",2022-12-05 12:34:22,"StartTime: Mon Dec 5 12:16:33 2022"
"sel09_len_flt7sex1.png","Female ending year selectivity for Tig",NA,"Sel",2022-12-05 12:34:22,"StartTime: Mon Dec 5 12:16:33 2022"
"sel09_len_flt7sex2.png","Male ending year selectivity for Tig",NA,"Sel",2022-12-05 12:34:22,"StartTime: Mon Dec 5 12:16:33 2022"
"sel09_len_flt8sex1.png","Female ending year selectivity for MRFSS",NA,"Sel",2022-12-05 12:34:22,"StartTime: Mon Dec 5 12:16:33 2022"
"sel09_len_flt8sex2.png","Male ending year selectivity for MRFSS",NA,"Sel",2022-12-05 12:34:22,"StartTime: Mon Dec 5 12:16:33 2022"
"sel09_len_flt9sex1.png","Female ending year selectivity for ORBS",NA,"Sel",2022-12-05 12:34:22,"StartTime: Mon Dec 5 12:16:33 2022"
"sel09_len_flt9sex2.png","Male ending year selectivity for ORBS",NA,"Sel",2022-12-05 12:34:22,"StartTime: Mon Dec 5 12:16:33 2022"
"sel09_len_flt10sex1.png","Female ending year selectivity for CommLog",NA,"Sel",2022-12-05 12:34:22,"StartTime: Mon Dec 5 12:16:33 2022"
"sel09_len_flt10sex2.png","Male ending year selectivity for CommLog",NA,"Sel",2022-12-05 12:34:22,"StartTime: Mon Dec 5 12:16:33 2022"
"sel14_age_flt4sex1.png","Female ending year selectivity for RecO",NA,"Sel",2022-12-05 12:34:22,"StartTime: Mon Dec 5 12:16:33 2022"
"sel14_age_flt4sex2.png","Male ending year selectivity for RecO",NA,"Sel",2022-12-05 12:34:22,"StartTime: Mon Dec 5 12:16:33 2022"
"sel14_age_flt6sex1.png","Female ending year selectivity for Onboard",NA,"Sel",2022-12-05 12:34:22,"StartTime: Mon Dec 5 12:16:33 2022"
"sel14_age_flt6sex2.png","Male ending year selectivity for Onboard",NA,"Sel",2022-12-05 12:34:22,"StartTime: Mon Dec 5 12:16:33 2022"
"sel14_age_flt9sex1.png","Female ending year selectivity for ORBS",NA,"Sel",2022-12-05 12:34:22,"StartTime: Mon Dec 5 12:16:33 2022"
"sel14_age_flt9sex2.png","Male ending year selectivity for ORBS",NA,"Sel",2022-12-05 12:34:22,"StartTime: Mon Dec 5 12:16:33 2022"
"sel14_age_flt11sex1.png","Female ending year selectivity for Small",NA,"Sel",2022-12-05 12:34:22,"StartTime: Mon Dec 5 12:16:33 2022"
"sel14_age_flt11sex2.png","Male ending year selectivity for Small",NA,"Sel",2022-12-05 12:34:22,"StartTime: Mon Dec 5 12:16:33 2022"
"sel21_agelen_contour_flt1sex1.png","Female ending year selectivity and growth for Trawl",NA,"Sel",2022-12-05 12:34:22,"StartTime: Mon Dec 5 12:16:33 2022"
"sel21_agelen_contour_flt1sex2.png","Male ending year selectivity and growth for Trawl",NA,"Sel",2022-12-05 12:34:22,"StartTime: Mon Dec 5 12:16:33 2022"
"sel21_agelen_contour_flt2sex1.png","Female ending year selectivity and growth for Live",NA,"Sel",2022-12-05 12:34:22,"StartTime: Mon Dec 5 12:16:33 2022"
"sel21_agelen_contour_flt2sex2.png","Male ending year selectivity and growth for Live",NA,"Sel",2022-12-05 12:34:22,"StartTime: Mon Dec 5 12:16:33 2022"
"sel21_agelen_contour_flt3sex1.png","Female ending year selectivity and growth for Dead",NA,"Sel",2022-12-05 12:34:22,"StartTime: Mon Dec 5 12:16:33 2022"
"sel21_agelen_contour_flt3sex2.png","Male ending year selectivity and growth for Dead",NA,"Sel",2022-12-05 12:34:22,"StartTime: Mon Dec 5 12:16:33 2022"
"sel21_agelen_contour_flt4sex1.png","Female ending year selectivity and growth for RecO",NA,"Sel",2022-12-05 12:34:22,"StartTime: Mon Dec 5 12:16:33 2022"
"sel21_agelen_contour_flt4sex2.png","Male ending year selectivity and growth for RecO",NA,"Sel",2022-12-05 12:34:22,"StartTime: Mon Dec 5 12:16:33 2022"
"sel21_agelen_contour_flt5sex1.png","Female ending year selectivity and growth for RecS",NA,"Sel",2022-12-05 12:34:22,"StartTime: Mon Dec 5 12:16:33 2022"
"sel21_agelen_contour_flt5sex2.png","Male ending year selectivity and growth for RecS",NA,"Sel",2022-12-05 12:34:22,"StartTime: Mon Dec 5 12:16:33 2022"
"sel21_agelen_contour_flt6sex1.png","Female ending year selectivity and growth for Onboard",NA,"Sel",2022-12-05 12:34:22,"StartTime: Mon Dec 5 12:16:33 2022"
"sel21_agelen_contour_flt6sex2.png","Male ending year selectivity and growth for Onboard",NA,"Sel",2022-12-05 12:34:22,"StartTime: Mon Dec 5 12:16:33 2022"
"sel21_agelen_contour_flt7sex1.png","Female ending year selectivity and growth for Tig",NA,"Sel",2022-12-05 12:34:22,"StartTime: Mon Dec 5 12:16:33 2022"
"sel21_agelen_contour_flt7sex2.png","Male ending year selectivity and growth for Tig",NA,"Sel",2022-12-05 12:34:22,"StartTime: Mon Dec 5 12:16:33 2022"
"sel21_agelen_contour_flt8sex1.png","Female ending year selectivity and growth for MRFSS",NA,"Sel",2022-12-05 12:34:22,"StartTime: Mon Dec 5 12:16:33 2022"
"sel21_agelen_contour_flt8sex2.png","Male ending year selectivity and growth for MRFSS",NA,"Sel",2022-12-05 12:34:22,"StartTime: Mon Dec 5 12:16:33 2022"
"sel21_agelen_contour_flt9sex1.png","Female ending year selectivity and growth for ORBS",NA,"Sel",2022-12-05 12:34:22,"StartTime: Mon Dec 5 12:16:33 2022"
"sel21_agelen_contour_flt9sex2.png","Male ending year selectivity and growth for ORBS",NA,"Sel",2022-12-05 12:34:22,"StartTime: Mon Dec 5 12:16:33 2022"
"sel21_agelen_contour_flt10sex1.png","Female ending year selectivity and growth for CommLog",NA,"Sel",2022-12-05 12:34:22,"StartTime: Mon Dec 5 12:16:33 2022"
"sel21_agelen_contour_flt10sex2.png","Male ending year selectivity and growth for CommLog",NA,"Sel",2022-12-05 12:34:22,"StartTime: Mon Dec 5 12:16:33 2022"
"ts7_Spawning_output.png","Spawning output",NA,"Timeseries",2022-12-05 12:34:22,"StartTime: Mon Dec 5 12:16:33 2022"
"ts7_Spawning_output_with_95_asymptotic_intervals_intervals.png","Spawning output with ~95% asymptotic intervals",NA,"Timeseries",2022-12-05 12:34:22,"StartTime: Mon Dec 5 12:16:33 2022"
"ts9_Relative_spawning_output.png","Relative spawning output: B/B_0",NA,"Timeseries",2022-12-05 12:34:22,"StartTime: Mon Dec 5 12:16:33 2022"
"ts9_Relative_spawning_output_intervals.png","Relative spawning output: B/B_0 with ~95% asymptotic intervals",NA,"Timeseries",2022-12-05 12:34:22,"StartTime: Mon Dec 5 12:16:33 2022"
"ts1_Total_biomass_(mt).png","Total biomass (mt)",NA,"Timeseries",2022-12-05 12:34:22,"StartTime: Mon Dec 5 12:16:33 2022"
"ts4_Summary_biomass_(mt).png","Summary biomass (mt)",NA,"Timeseries",2022-12-05 12:34:22,"StartTime: Mon Dec 5 12:16:33 2022"
"ts11_Age-0_recruits_(1000s).png","Age-0 recruits (1,000s)",NA,"Timeseries",2022-12-05 12:34:22,"StartTime: Mon Dec 5 12:16:33 2022"
"ts11_Age-0_recruits_(1000s)_with_95_asymptotic_intervals.png","Age-0 recruits (1,000s) with ~95% asymptotic intervals",NA,"Timeseries",2022-12-05 12:34:22,"StartTime: Mon Dec 5 12:16:33 2022"
"ts_summaryF.png","Summary F (definition of F depends on setting in starter.ss)",NA,"Timeseries",2022-12-05 12:34:22,"StartTime: Mon Dec 5 12:16:33 2022"
"ts_DynamicB0.png","Dynamic B0 plot. The lower line shows the time series of estimated Spawning output in the presence of fishing mortality. The upper line shows the time series that could occur under the same dynamics (including deviations in recruitment), but without fishing. The point at the left represents the unfished equilibrium.",NA,"Timeseries",2022-12-05 12:34:22,"StartTime: Mon Dec 5 12:16:33 2022"
"SR_curve.png","Stock-recruit curve.  Point colors indicate year, with warmer colors indicating earlier years and cooler colors in showing later years.",NA,"S-R",2022-12-05 12:34:22,"StartTime: Mon Dec 5 12:16:33 2022"
"SR_curve2.png","Stock-recruit curve with labels on first, last, and years with (log) deviations > 0.5. Point colors indicate year, with warmer colors indicating earlier years and cooler colors in showing later years.",NA,"S-R",2022-12-05 12:34:22,"StartTime: Mon Dec 5 12:16:33 2022"
"catch1 landings.png","landings",NA,"Catch",2022-12-05 12:34:22,"StartTime: Mon Dec 5 12:16:33 2022"
"catch2 landings stacked.png","landings stacked",NA,"Catch",2022-12-05 12:34:22,"StartTime: Mon Dec 5 12:16:33 2022"
"catch9 harvest rate.png","harvest rate",NA,"Catch",2022-12-05 12:34:22,"StartTime: Mon Dec 5 12:16:33 2022"
"SPR1_series.png","Timeseries of SPR. Horizontal line is at SPR target: 0.5",NA,"SPR",2022-12-05 12:34:22,"StartTime: Mon Dec 5 12:16:33 2022"
"SPR2_minusSPRseries.png","Timeseries of 1-SPR. Horizontal line is at 1 - SPR target: 1 - 0.5 = 0.5",NA,"SPR",2022-12-05 12:34:22,"StartTime: Mon Dec 5 12:16:33 2022"
"SPR3_ratiointerval.png","Timeseries of SPR ratio: 1-SPR",NA,"SPR",2022-12-05 12:34:22,"StartTime: Mon Dec 5 12:16:33 2022"
"SPR4_phase.png","Phase plot of biomass ratio vs. SPR ratio.<br> Each point represents the biomass ratio at the start of the year and the relative fishing intensity in that same year. Warmer colors (red) represent early years and colder colors (blue) represent recent years. Lines through the final point show 95% intervals based on the asymptotic uncertainty for each dimension. The shaded ellipse is a 95% region which accounts for the estimated correlation between the two quantities: -1. The vertical line at 0.4 indicates the reference point as defined in the forecast.ss which can be removed from the plot via <code>SS_plots(..., btarg = -1)</code>. The horizontal line is at 1 - SPR target: 1 - 0.5 = 0.5. ",NA,"SPR",2022-12-05 12:34:22,"StartTime: Mon Dec 5 12:16:33 2022"
"bodywt_data_fltTrawl.png","Mean weight in whole catch for Trawl",NA,"Mnwt",2022-12-05 12:34:22,"StartTime: Mon Dec 5 12:16:33 2022"
"bodywt_fit_fltTrawl.png","Mean weight in whole catch for Trawl",NA,"Mnwt",2022-12-05 12:34:22,"StartTime: Mon Dec 5 12:16:33 2022"
"bodywt_data_fltDead.png","Mean weight in whole catch for Dead",NA,"Mnwt",2022-12-05 12:34:22,"StartTime: Mon Dec 5 12:16:33 2022"
"bodywt_fit_fltDead.png","Mean weight in whole catch for Dead",NA,"Mnwt",2022-12-05 12:34:22,"StartTime: Mon Dec 5 12:16:33 2022"
"index1_cpuedata_Onboard.png","Index data for Onboard. Lines indicate 95% uncertainty interval around index values based on the model assumption of lognormal error. Thicker lines (if present) indicate input uncertainty before addition of estimated additional uncertainty parameter.",NA,"Index",2022-12-05 12:34:22,"StartTime: Mon Dec 5 12:16:33 2022"
"index2_cpuefit_Onboard.png","Fit to index data for Onboard. Lines indicate 95% uncertainty interval around index values based on the model assumption of lognormal error. Thicker lines (if present) indicate input uncertainty before addition of estimated additional uncertainty parameter.",NA,"Index",2022-12-05 12:34:22,"StartTime: Mon Dec 5 12:16:33 2022"
"index3_obs_vs_exp_Onboard.png","Observed vs. expected index values with smoother for Onboard",NA,"Index",2022-12-05 12:34:22,"StartTime: Mon Dec 5 12:16:33 2022"
"index4_logcpuedata_Onboard.png","Log index data for Onboard. Lines indicate 95% uncertainty interval around index values based on the model assumption of lognormal error. Thicker lines (if present) indicate input uncertainty before addition of estimated additional uncertainty parameter.",NA,"Index",2022-12-05 12:34:22,"StartTime: Mon Dec 5 12:16:33 2022"
"index5_logcpuefit_Onboard.png","Fit to log index data on log scale for Onboard. Lines indicate 95% uncertainty interval around index values based on the model assumption of lognormal error. Thicker lines (if present) indicate input uncertainty before addition of estimated additional uncertainty parameter.",NA,"Index",2022-12-05 12:34:22,"StartTime: Mon Dec 5 12:16:33 2022"
"index6_log_obs_vs_exp_Onboard.png","log(observed) vs. log(expected) index values with smoother for Onboard",NA,"Index",2022-12-05 12:34:22,"StartTime: Mon Dec 5 12:16:33 2022"
"index10_resids_SE_total_Onboard.png","Residuals of fit to index for Onboard.<br>Values are (log(Obs) - log(Exp))/SE where SE is the total standard error including any estimated additional uncertainty.",NA,"Index",2022-12-05 12:34:22,"StartTime: Mon Dec 5 12:16:33 2022"
"index12_resids_SE_total_Onboard.png","Deviations for fit to index for Onboard.<br>Values are log(Obs) - log(Exp) and thus independent of index uncertainty.",NA,"Index",2022-12-05 12:34:22,"StartTime: Mon Dec 5 12:16:33 2022"
"index1_cpuedata_Tig.png","Index data for Tig. Lines indicate 95% uncertainty interval around index values based on the model assumption of lognormal error. Thicker lines (if present) indicate input uncertainty before addition of estimated additional uncertainty parameter.",NA,"Index",2022-12-05 12:34:22,"StartTime: Mon Dec 5 12:16:33 2022"
"index2_cpuefit_Tig.png","Fit to index data for Tig. Lines indicate 95% uncertainty interval around index values based on the model assumption of lognormal error. Thicker lines (if present) indicate input uncertainty before addition of estimated additional uncertainty parameter.",NA,"Index",2022-12-05 12:34:22,"StartTime: Mon Dec 5 12:16:33 2022"
"index3_obs_vs_exp_Tig.png","Observed vs. expected index values with smoother for Tig",NA,"Index",2022-12-05 12:34:22,"StartTime: Mon Dec 5 12:16:33 2022"
"index4_logcpuedata_Tig.png","Log index data for Tig. Lines indicate 95% uncertainty interval around index values based on the model assumption of lognormal error. Thicker lines (if present) indicate input uncertainty before addition of estimated additional uncertainty parameter.",NA,"Index",2022-12-05 12:34:22,"StartTime: Mon Dec 5 12:16:33 2022"
"index5_logcpuefit_Tig.png","Fit to log index data on log scale for Tig. Lines indicate 95% uncertainty interval around index values based on the model assumption of lognormal error. Thicker lines (if present) indicate input uncertainty before addition of estimated additional uncertainty parameter.",NA,"Index",2022-12-05 12:34:22,"StartTime: Mon Dec 5 12:16:33 2022"
"index6_log_obs_vs_exp_Tig.png","log(observed) vs. log(expected) index values with smoother for Tig",NA,"Index",2022-12-05 12:34:22,"StartTime: Mon Dec 5 12:16:33 2022"
"index10_resids_SE_total_Tig.png","Residuals of fit to index for Tig.<br>Values are (log(Obs) - log(Exp))/SE where SE is the total standard error including any estimated additional uncertainty.",NA,"Index",2022-12-05 12:34:22,"StartTime: Mon Dec 5 12:16:33 2022"
"index12_resids_SE_total_Tig.png","Deviations for fit to index for Tig.<br>Values are log(Obs) - log(Exp) and thus independent of index uncertainty.",NA,"Index",2022-12-05 12:34:22,"StartTime: Mon Dec 5 12:16:33 2022"
"index1_cpuedata_MRFSS.png","Index data for MRFSS. Lines indicate 95% uncertainty interval around index values based on the model assumption of lognormal error. Thicker lines (if present) indicate input uncertainty before addition of estimated additional uncertainty parameter.",NA,"Index",2022-12-05 12:34:22,"StartTime: Mon Dec 5 12:16:33 2022"
"index2_cpuefit_MRFSS.png","Fit to index data for MRFSS. Lines indicate 95% uncertainty interval around index values based on the model assumption of lognormal error. Thicker lines (if present) indicate input uncertainty before addition of estimated additional uncertainty parameter.",NA,"Index",2022-12-05 12:34:22,"StartTime: Mon Dec 5 12:16:33 2022"
"index3_obs_vs_exp_MRFSS.png","Observed vs. expected index values with smoother for MRFSS",NA,"Index",2022-12-05 12:34:22,"StartTime: Mon Dec 5 12:16:33 2022"
"index4_logcpuedata_MRFSS.png","Log index data for MRFSS. Lines indicate 95% uncertainty interval around index values based on the model assumption of lognormal error. Thicker lines (if present) indicate input uncertainty before addition of estimated additional uncertainty parameter.",NA,"Index",2022-12-05 12:34:22,"StartTime: Mon Dec 5 12:16:33 2022"
"index5_logcpuefit_MRFSS.png","Fit to log index data on log scale for MRFSS. Lines indicate 95% uncertainty interval around index values based on the model assumption of lognormal error. Thicker lines (if present) indicate input uncertainty before addition of estimated additional uncertainty parameter.",NA,"Index",2022-12-05 12:34:22,"StartTime: Mon Dec 5 12:16:33 2022"
"index6_log_obs_vs_exp_MRFSS.png","log(observed) vs. log(expected) index values with smoother for MRFSS",NA,"Index",2022-12-05 12:34:22,"StartTime: Mon Dec 5 12:16:33 2022"
"index10_resids_SE_total_MRFSS.png","Residuals of fit to index for MRFSS.<br>Values are (log(Obs) - log(Exp))/SE where SE is the total standard error including any estimated additional uncertainty.",NA,"Index",2022-12-05 12:34:22,"StartTime: Mon Dec 5 12:16:33 2022"
"index12_resids_SE_total_MRFSS.png","Deviations for fit to index for MRFSS.<br>Values are log(Obs) - log(Exp) and thus independent of index uncertainty.",NA,"Index",2022-12-05 12:34:22,"StartTime: Mon Dec 5 12:16:33 2022"
"index1_cpuedata_ORBS.png","Index data for ORBS. Lines indicate 95% uncertainty interval around index values based on the model assumption of lognormal error. Thicker lines (if present) indicate input uncertainty before addition of estimated additional uncertainty parameter.",NA,"Index",2022-12-05 12:34:22,"StartTime: Mon Dec 5 12:16:33 2022"
"index2_cpuefit_ORBS.png","Fit to index data for ORBS. Lines indicate 95% uncertainty interval around index values based on the model assumption of lognormal error. Thicker lines (if present) indicate input uncertainty before addition of estimated additional uncertainty parameter.",NA,"Index",2022-12-05 12:34:22,"StartTime: Mon Dec 5 12:16:33 2022"
"index3_obs_vs_exp_ORBS.png","Observed vs. expected index values with smoother for ORBS",NA,"Index",2022-12-05 12:34:22,"StartTime: Mon Dec 5 12:16:33 2022"
"index4_logcpuedata_ORBS.png","Log index data for ORBS. Lines indicate 95% uncertainty interval around index values based on the model assumption of lognormal error. Thicker lines (if present) indicate input uncertainty before addition of estimated additional uncertainty parameter.",NA,"Index",2022-12-05 12:34:22,"StartTime: Mon Dec 5 12:16:33 2022"
"index5_logcpuefit_ORBS.png","Fit to log index data on log scale for ORBS. Lines indicate 95% uncertainty interval around index values based on the model assumption of lognormal error. Thicker lines (if present) indicate input uncertainty before addition of estimated additional uncertainty parameter.",NA,"Index",2022-12-05 12:34:22,"StartTime: Mon Dec 5 12:16:33 2022"
"index6_log_obs_vs_exp_ORBS.png","log(observed) vs. log(expected) index values with smoother for ORBS",NA,"Index",2022-12-05 12:34:22,"StartTime: Mon Dec 5 12:16:33 2022"
"index10_resids_SE_total_ORBS.png","Residuals of fit to index for ORBS.<br>Values are (log(Obs) - log(Exp))/SE where SE is the total standard error including any estimated additional uncertainty.",NA,"Index",2022-12-05 12:34:22,"StartTime: Mon Dec 5 12:16:33 2022"
"index12_resids_SE_total_ORBS.png","Deviations for fit to index for ORBS.<br>Values are log(Obs) - log(Exp) and thus independent of index uncertainty.",NA,"Index",2022-12-05 12:34:22,"StartTime: Mon Dec 5 12:16:33 2022"
"index1_cpuedata_CommLog.png","Index data for CommLog. Lines indicate 95% uncertainty interval around index values based on the model assumption of lognormal error. Thicker lines (if present) indicate input uncertainty before addition of estimated additional uncertainty parameter.",NA,"Index",2022-12-05 12:34:22,"StartTime: Mon Dec 5 12:16:33 2022"
"index2_cpuefit_CommLog.png","Fit to index data for CommLog. Lines indicate 95% uncertainty interval around index values based on the model assumption of lognormal error. Thicker lines (if present) indicate input uncertainty before addition of estimated additional uncertainty parameter.",NA,"Index",2022-12-05 12:34:22,"StartTime: Mon Dec 5 12:16:33 2022"
"index3_obs_vs_exp_CommLog.png","Observed vs. expected index values with smoother for CommLog",NA,"Index",2022-12-05 12:34:22,"StartTime: Mon Dec 5 12:16:33 2022"
"index4_logcpuedata_CommLog.png","Log index data for CommLog. Lines indicate 95% uncertainty interval around index values based on the model assumption of lognormal error. Thicker lines (if present) indicate input uncertainty before addition of estimated additional uncertainty parameter.",NA,"Index",2022-12-05 12:34:22,"StartTime: Mon Dec 5 12:16:33 2022"
"index5_logcpuefit_CommLog.png","Fit to log index data on log scale for CommLog. Lines indicate 95% uncertainty interval around index values based on the model assumption of lognormal error. Thicker lines (if present) indicate input uncertainty before addition of estimated additional uncertainty parameter.",NA,"Index",2022-12-05 12:34:22,"StartTime: Mon Dec 5 12:16:33 2022"
"index6_log_obs_vs_exp_CommLog.png","log(observed) vs. log(expected) index values with smoother for CommLog",NA,"Index",2022-12-05 12:34:22,"StartTime: Mon Dec 5 12:16:33 2022"
"index10_resids_SE_total_CommLog.png","Residuals of fit to index for CommLog.<br>Values are (log(Obs) - log(Exp))/SE where SE is the total standard error including any estimated additional uncertainty.",NA,"Index",2022-12-05 12:34:22,"StartTime: Mon Dec 5 12:16:33 2022"
"index12_resids_SE_total_CommLog.png","Deviations for fit to index for CommLog.<br>Values are log(Obs) - log(Exp) and thus independent of index uncertainty.",NA,"Index",2022-12-05 12:34:22,"StartTime: Mon Dec 5 12:16:33 2022"
"index9_standcpueall.png","Standardized indices overlaid. Each index is rescaled to have mean observation = 1.0.",NA,"Index",2022-12-05 12:34:22,"StartTime: Mon Dec 5 12:16:33 2022"
"numbers1_sex1_beg.png","Beginning of year expected numbers at age of females in (max ~ 1.8 million)",NA,"Numbers",2022-12-05 12:34:22,"StartTime: Mon Dec 5 12:16:33 2022"
"numbers1_sex2_beg.png","Beginning of year expected numbers at age of males in (max ~ 1.8 million)",NA,"Numbers",2022-12-05 12:34:22,"StartTime: Mon Dec 5 12:16:33 2022"
"numbers2_meanage_beg.png","Beginning of year mean age in the population",NA,"Numbers",2022-12-05 12:34:22,"StartTime: Mon Dec 5 12:16:33 2022"
"numbers1_sex1_mid.png","Middle of year expected numbers at age of females in (max ~ 1.7 million)",NA,"Numbers",2022-12-05 12:34:22,"StartTime: Mon Dec 5 12:16:33 2022"
"numbers1_sex2_mid.png","Middle of year expected numbers at age of males in (max ~ 1.7 million)",NA,"Numbers",2022-12-05 12:34:22,"StartTime: Mon Dec 5 12:16:33 2022"
"numbers2_meanage_mid.png","Middle of year mean age in the population",NA,"Numbers",2022-12-05 12:34:22,"StartTime: Mon Dec 5 12:16:33 2022"
"numbers3_frac_female_age.png","Fraction female in numbers at age",NA,"Numbers",2022-12-05 12:34:22,"StartTime: Mon Dec 5 12:16:33 2022"
"numbers6_len_sex1.png","Beginning of year expected numbers at length of females in (max ~ 1.8 million)",NA,"Numbers",2022-12-05 12:34:22,"StartTime: Mon Dec 5 12:16:33 2022"
"numbers6_len_sex2.png","Beginning of year expected numbers at length of males in (max ~ 1.9 million)",NA,"Numbers",2022-12-05 12:34:22,"StartTime: Mon Dec 5 12:16:33 2022"
"numbers7_meanlen.png","Beginning of year mean length (cm) in the population",NA,"Numbers",2022-12-05 12:34:22,"StartTime: Mon Dec 5 12:16:33 2022"
"numbers6_len_sex1.png","Middle of year expected numbers at length of females in (max ~ 1.2 million)",NA,"Numbers",2022-12-05 12:34:22,"StartTime: Mon Dec 5 12:16:33 2022"
"numbers6_len_sex2.png","Middle of year expected numbers at length of males in (max ~ 997.6 thousand)",NA,"Numbers",2022-12-05 12:34:22,"StartTime: Mon Dec 5 12:16:33 2022"
"numbers7_meanlen.png","Middle of year mean length (cm) in the population",NA,"Numbers",2022-12-05 12:34:22,"StartTime: Mon Dec 5 12:16:33 2022"
"numbers8_frac_female_len.png","Fraction female in numbers at length",NA,"Numbers",2022-12-05 12:34:22,"StartTime: Mon Dec 5 12:16:33 2022"
"numbers4_equilagecomp.png","Equilibrium age distribution",NA,"Numbers",2022-12-05 12:34:22,"StartTime: Mon Dec 5 12:16:33 2022"
"numbers5_ageerrorSD.png","Ageing imprecision: SD of observed age (yr)",NA,"Numbers",2022-12-05 12:34:22,"StartTime: Mon Dec 5 12:16:33 2022"
"numbers10_ageerror_matrix_1.png","Distribution of observed age at true age 
 for ageing error type 1",NA,"Numbers",2022-12-05 12:34:22,"StartTime: Mon Dec 5 12:16:33 2022"
"numbers10_ageerror_matrix_2.png","Distribution of observed age at true age 
 for ageing error type 2",NA,"Numbers",2022-12-05 12:34:22,"StartTime: Mon Dec 5 12:16:33 2022"
"comp_lendat__aggregated_across_time.png","Length comp data, aggregated across time by fleet.
 <br> Labels 'retained' and 'discard' indicate discarded or retained sampled for each fleet. Panels without this designation represent the whole catch.
",NA,"CompDat",2022-12-05 12:34:22,"StartTime: Mon Dec 5 12:16:33 2022"
"comp_lendat__multi-fleet_comparison.png","Length comp data,  comparing across fleets",NA,"CompDat",2022-12-05 12:34:22,"StartTime: Mon Dec 5 12:16:33 2022"
"comp_lendat_flt1mkt0.png","Length comp data, whole catch, Trawl.<br><br>'N adj.' is the input sample size after data-weighting adjustment. N eff. is the calculated effective sample size used in the McAllister-Ianelli tuning method.",NA,"CompDat",2022-12-05 12:34:22,"StartTime: Mon Dec 5 12:16:33 2022"
"comp_lendat_bubflt1mkt0.png","Length comp data, whole catch, Trawl (max=0.95)",NA,"CompDat",2022-12-05 12:34:22,"StartTime: Mon Dec 5 12:16:33 2022"
"comp_lendat_data_weighting_TA1.8_Trawl.png","Mean length for Trawl with 95% confidence intervals based on current samples sizes.",NA,"CompDat",2022-12-05 12:34:22,"StartTime: Mon Dec 5 12:16:33 2022"
"comp_lendat_flt2mkt0.png","Length comp data, whole catch, Live.<br><br>'N adj.' is the input sample size after data-weighting adjustment. N eff. is the calculated effective sample size used in the McAllister-Ianelli tuning method.",NA,"CompDat",2022-12-05 12:34:22,"StartTime: Mon Dec 5 12:16:33 2022"
"comp_lendat_bubflt2mkt0.png","Length comp data, whole catch, Live (max=0.17)",NA,"CompDat",2022-12-05 12:34:22,"StartTime: Mon Dec 5 12:16:33 2022"
"comp_lendat_data_weighting_TA1.8_Live.png","Mean length for Live with 95% confidence intervals based on current samples sizes.",NA,"CompDat",2022-12-05 12:34:22,"StartTime: Mon Dec 5 12:16:33 2022"
"comp_lendat_flt3mkt0.png","Length comp data, whole catch, Dead.<br><br>'N adj.' is the input sample size after data-weighting adjustment. N eff. is the calculated effective sample size used in the McAllister-Ianelli tuning method.",NA,"CompDat",2022-12-05 12:34:22,"StartTime: Mon Dec 5 12:16:33 2022"
"comp_lendat_bubflt3mkt0.png","Length comp data, whole catch, Dead (max=0.16)",NA,"CompDat",2022-12-05 12:34:22,"StartTime: Mon Dec 5 12:16:33 2022"
"comp_lendat_data_weighting_TA1.8_Dead.png","Mean length for Dead with 95% confidence intervals based on current samples sizes.",NA,"CompDat",2022-12-05 12:34:22,"StartTime: Mon Dec 5 12:16:33 2022"
"comp_lendat_flt4mkt0_page1.png","Length comp data, whole catch, RecO (plot 1 of 2).<br><br>'N adj.' is the input sample size after data-weighting adjustment. N eff. is the calculated effective sample size used in the McAllister-Ianelli tuning method.",NA,"CompDat",2022-12-05 12:34:22,"StartTime: Mon Dec 5 12:16:33 2022"
"comp_lendat_flt4mkt0_page2.png","Length comp data, whole catch, RecO (plot 1 of 2).<br><br>'N adj.' is the input sample size after data-weighting adjustment. N eff. is the calculated effective sample size used in the McAllister-Ianelli tuning method. (plot 2 of 2)",NA,"CompDat",2022-12-05 12:34:22,"StartTime: Mon Dec 5 12:16:33 2022"
"comp_lendat_bubflt4mkt0_page2.png","Length comp data, whole catch, RecO (max=0.25) (plot 2 of 2)",NA,"CompDat",2022-12-05 12:34:22,"StartTime: Mon Dec 5 12:16:33 2022"
"comp_lendat_data_weighting_TA1.8_RecO.png","Mean length for RecO with 95% confidence intervals based on current samples sizes.",NA,"CompDat",2022-12-05 12:34:22,"StartTime: Mon Dec 5 12:16:33 2022"
"comp_lendat_flt5mkt0_page1.png","Length comp data, whole catch, RecS (plot 1 of 2).<br><br>'N adj.' is the input sample size after data-weighting adjustment. N eff. is the calculated effective sample size used in the McAllister-Ianelli tuning method.",NA,"CompDat",2022-12-05 12:34:22,"StartTime: Mon Dec 5 12:16:33 2022"
"comp_lendat_flt5mkt0_page2.png","Length comp data, whole catch, RecS (plot 1 of 2).<br><br>'N adj.' is the input sample size after data-weighting adjustment. N eff. is the calculated effective sample size used in the McAllister-Ianelli tuning method. (plot 2 of 2)",NA,"CompDat",2022-12-05 12:34:22,"StartTime: Mon Dec 5 12:16:33 2022"
"comp_lendat_bubflt5mkt0_page2.png","Length comp data, whole catch, RecS (max=0.49) (plot 2 of 2)",NA,"CompDat",2022-12-05 12:34:22,"StartTime: Mon Dec 5 12:16:33 2022"
"comp_lendat_data_weighting_TA1.8_RecS.png","Mean length for RecS with 95% confidence intervals based on current samples sizes.",NA,"CompDat",2022-12-05 12:34:22,"StartTime: Mon Dec 5 12:16:33 2022"
"sexratio_data_len_flt1mkt0.png","Sex ratios for length comps, whole catch, Trawl.<br>Observed sex ratios (points) with 75% intervals (vertical lines) calculated as a <a href='https://www.jstor.org/stable/2676784'>Jeffreys interval</a> based on the adjusted input sample size.",NA,"CompDat",2022-12-05 12:34:22,"StartTime: Mon Dec 5 12:16:33 2022"
"sexratio_data_len_flt2mkt0.png","Sex ratios for length comps, whole catch, Live.<br>Observed sex ratios (points) with 75% intervals (vertical lines) calculated as a <a href='https://www.jstor.org/stable/2676784'>Jeffreys interval</a> based on the adjusted input sample size.",NA,"CompDat",2022-12-05 12:34:22,"StartTime: Mon Dec 5 12:16:33 2022"
"sexratio_data_len_flt3mkt0.png","Sex ratios for length comps, whole catch, Dead.<br>Observed sex ratios (points) with 75% intervals (vertical lines) calculated as a <a href='https://www.jstor.org/stable/2676784'>Jeffreys interval</a> based on the adjusted input sample size.",NA,"CompDat",2022-12-05 12:34:22,"StartTime: Mon Dec 5 12:16:33 2022"
"sexratio_data_len_flt4mkt0_page1.png","Sex ratios for length comps, whole catch, RecO (plot 1 of 2).<br>Observed sex ratios (points) with 75% intervals (vertical lines) calculated as a <a href='https://www.jstor.org/stable/2676784'>Jeffreys interval</a> based on the adjusted input sample size.",NA,"CompDat",2022-12-05 12:34:22,"StartTime: Mon Dec 5 12:16:33 2022"
"sexratio_data_len_flt4mkt0_page2.png","Sex ratios for length comps, whole catch, RecO (plot 1 of 2).<br>Observed sex ratios (points) with 75% intervals (vertical lines) calculated as a <a href='https://www.jstor.org/stable/2676784'>Jeffreys interval</a> based on the adjusted input sample size. (plot 2 of 2)",NA,"CompDat",2022-12-05 12:34:22,"StartTime: Mon Dec 5 12:16:33 2022"
"comp_condAALdat_bubflt1mkt0.png","Conditional age-at-length data, whole catch, Trawl (max=0.96)",NA,"CompDat",2022-12-05 12:34:22,"StartTime: Mon Dec 5 12:16:33 2022"
"comp_condAALdat_data_weighting_TA1.8_condAgeTrawl.png","Mean age from conditional data (aggregated across length bins) for Trawl with 95% confidence intervals  based on current samples sizes.",NA,"CompDat",2022-12-05 12:34:22,"StartTime: Mon Dec 5 12:16:33 2022"
"comp_condAALdat_Andre_plotsflt1mkt0.png","Conditional AAL plot, whole catch, Trawl
These plots show mean age and std. dev. in conditional A@L.<br>Left plots are mean A@L by size-class (obs. and exp.) with 90% CIs based on adding 1.64 SE of mean to the data.<br>Right plots in each pair are SE of mean A@L (obs. and exp.) with 90% CIs based on the chi-square distribution.",NA,"CompDat",2022-12-05 12:34:22,"StartTime: Mon Dec 5 12:16:33 2022"
"comp_condAALdat_bubflt2mkt0.png","Conditional age-at-length data, whole catch, Live (max=0.96)",NA,"CompDat",2022-12-05 12:34:22,"StartTime: Mon Dec 5 12:16:33 2022"
"comp_condAALdat_data_weighting_TA1.8_condAgeLive.png","Mean age from conditional data (aggregated across length bins) for Live with 95% confidence intervals  based on current samples sizes.",NA,"CompDat",2022-12-05 12:34:22,"StartTime: Mon Dec 5 12:16:33 2022"
"comp_condAALdat_Andre_plotsflt2mkt0.png","Conditional AAL plot, whole catch, Live
These plots show mean age and std. dev. in conditional A@L.<br>Left plots are mean A@L by size-class (obs. and exp.) with 90% CIs based on adding 1.64 SE of mean to the data.<br>Right plots in each pair are SE of mean A@L (obs. and exp.) with 90% CIs based on the chi-square distribution.",NA,"CompDat",2022-12-05 12:34:22,"StartTime: Mon Dec 5 12:16:33 2022"
"comp_condAALdat_bubflt3mkt0_page1.png","Conditional age-at-length data, whole catch, Dead (max=0.96) (plot 1 of 2)",NA,"CompDat",2022-12-05 12:34:22,"StartTime: Mon Dec 5 12:16:33 2022"
"comp_condAALdat_bubflt3mkt0_page2.png","Conditional age-at-length data, whole catch, Dead (max=0.96) (plot 2 of 2)",NA,"CompDat",2022-12-05 12:34:22,"StartTime: Mon Dec 5 12:16:33 2022"
"comp_condAALdat_data_weighting_TA1.8_condAgeDead.png","Mean age from conditional data (aggregated across length bins) for Dead with 95% confidence intervals  based on current samples sizes.",NA,"CompDat",2022-12-05 12:34:22,"StartTime: Mon Dec 5 12:16:33 2022"
"comp_condAALdat_Andre_plotsflt3mkt0_page1.png","Conditional AAL plot, whole catch, Dead (plot 1 of 4)
These plots show mean age and std. dev. in conditional A@L.<br>Left plots are mean A@L by size-class (obs. and exp.) with 90% CIs based on adding 1.64 SE of mean to the data.<br>Right plots in each pair are SE of mean A@L (obs. and exp.) with 90% CIs based on the chi-square distribution.",NA,"CompDat",2022-12-05 12:34:22,"StartTime: Mon Dec 5 12:16:33 2022"
"comp_condAALdat_Andre_plotsflt3mkt0_page2.png","Conditional AAL plot, whole catch, Dead (plot 2 of 4)",NA,"CompDat",2022-12-05 12:34:22,"StartTime: Mon Dec 5 12:16:33 2022"
"comp_condAALdat_Andre_plotsflt3mkt0_page3.png","Conditional AAL plot, whole catch, Dead (plot 3 of 4)",NA,"CompDat",2022-12-05 12:34:22,"StartTime: Mon Dec 5 12:16:33 2022"
"comp_condAALdat_Andre_plotsflt3mkt0_page4.png","Conditional AAL plot, whole catch, Dead (plot 4 of 4)",NA,"CompDat",2022-12-05 12:34:22,"StartTime: Mon Dec 5 12:16:33 2022"
"comp_condAALdat_bubflt4mkt0_page1.png","Conditional age-at-length data, whole catch, RecO (max=0.96) (plot 1 of 3)",NA,"CompDat",2022-12-05 12:34:22,"StartTime: Mon Dec 5 12:16:33 2022"
"comp_condAALdat_bubflt4mkt0_page2.png","Conditional age-at-length data, whole catch, RecO (max=0.96) (plot 2 of 3)",NA,"CompDat",2022-12-05 12:34:22,"StartTime: Mon Dec 5 12:16:33 2022"
"comp_condAALdat_bubflt4mkt0_page3.png","Conditional age-at-length data, whole catch, RecO (max=0.96) (plot 3 of 3)",NA,"CompDat",2022-12-05 12:34:22,"StartTime: Mon Dec 5 12:16:33 2022"
"comp_condAALdat_data_weighting_TA1.8_condAgeRecO.png","Mean age from conditional data (aggregated across length bins) for RecO with 95% confidence intervals  based on current samples sizes.",NA,"CompDat",2022-12-05 12:34:22,"StartTime: Mon Dec 5 12:16:33 2022"
"comp_condAALdat_Andre_plotsflt4mkt0_page1.png","Conditional AAL plot, whole catch, RecO (plot 1 of 4)
These plots show mean age and std. dev. in conditional A@L.<br>Left plots are mean A@L by size-class (obs. and exp.) with 90% CIs based on adding 1.64 SE of mean to the data.<br>Right plots in each pair are SE of mean A@L (obs. and exp.) with 90% CIs based on the chi-square distribution.",NA,"CompDat",2022-12-05 12:34:22,"StartTime: Mon Dec 5 12:16:33 2022"
"comp_condAALdat_Andre_plotsflt4mkt0_page2.png","Conditional AAL plot, whole catch, RecO (plot 2 of 4)",NA,"CompDat",2022-12-05 12:34:22,"StartTime: Mon Dec 5 12:16:33 2022"
"comp_condAALdat_Andre_plotsflt4mkt0_page3.png","Conditional AAL plot, whole catch, RecO (plot 3 of 4)",NA,"CompDat",2022-12-05 12:34:22,"StartTime: Mon Dec 5 12:16:33 2022"
"comp_condAALdat_Andre_plotsflt4mkt0_page4.png","Conditional AAL plot, whole catch, RecO (plot 4 of 4)",NA,"CompDat",2022-12-05 12:34:22,"StartTime: Mon Dec 5 12:16:33 2022"
"comp_condAALdat_bubflt11mkt0_page1.png","Conditional age-at-length data, whole catch, Small (max=0.96) (plot 1 of 2)",NA,"CompDat",2022-12-05 12:34:22,"StartTime: Mon Dec 5 12:16:33 2022"
"comp_condAALdat_bubflt11mkt0_page2.png","Conditional age-at-length data, whole catch, Small (max=0.96) (plot 2 of 2)",NA,"CompDat",2022-12-05 12:34:22,"StartTime: Mon Dec 5 12:16:33 2022"
"comp_condAALdat_data_weighting_TA1.8_condAgeSmall.png","Mean age from conditional data (aggregated across length bins) for Small with 95% confidence intervals  based on current samples sizes.",NA,"CompDat",2022-12-05 12:34:22,"StartTime: Mon Dec 5 12:16:33 2022"
"comp_condAALdat_Andre_plotsflt11mkt0_page1.png","Conditional AAL plot, whole catch, Small (plot 1 of 2)
These plots show mean age and std. dev. in conditional A@L.<br>Left plots are mean A@L by size-class (obs. and exp.) with 90% CIs based on adding 1.64 SE of mean to the data.<br>Right plots in each pair are SE of mean A@L (obs. and exp.) with 90% CIs based on the chi-square distribution.",NA,"CompDat",2022-12-05 12:34:22,"StartTime: Mon Dec 5 12:16:33 2022"
"comp_condAALdat_Andre_plotsflt11mkt0_page2.png","Conditional AAL plot, whole catch, Small (plot 2 of 2)",NA,"CompDat",2022-12-05 12:34:22,"StartTime: Mon Dec 5 12:16:33 2022"
"comp_lenfit__aggregated_across_time.png","Length comps, aggregated across time by fleet.
 <br> Labels 'retained' and 'discard' indicate discarded or retained sampled for each fleet. Panels without this designation represent the whole catch.
",NA,"LenComp",2022-12-05 12:34:22,"StartTime: Mon Dec 5 12:16:33 2022"
"comp_lenfit__multi-fleet_comparison.png","Pearson residuals,  comparing across fleets <br> 
Closed bubbles are positive residuals (observed > expected) and open bubbles are negative residuals (observed < expected).",NA,"LenComp",2022-12-05 12:34:22,"StartTime: Mon Dec 5 12:16:33 2022"
"comp_lenfit_flt1mkt0.png","Length comps, whole catch, Trawl.<br><br>'N adj.' is the input sample size after data-weighting adjustment. N eff. is the calculated effective sample size used in the McAllister-Ianelli tuning method.",NA,"LenComp",2022-12-05 12:34:22,"StartTime: Mon Dec 5 12:16:33 2022"
"comp_lenfit_residsflt1mkt0.png","Pearson residuals, whole catch, Trawl (max=3.52) <br> 
Closed bubbles are positive residuals (observed > expected) and open bubbles are negative residuals (observed < expected).",NA,"LenComp",2022-12-05 12:34:22,"StartTime: Mon Dec 5 12:16:33 2022"
"comp_lenfit_sampsize_flt1mkt0.png","N-EffN comparison, Length comps, whole catch, Trawl",NA,"LenComp",2022-12-05 12:34:22,"StartTime: Mon Dec 5 12:16:33 2022"
"comp_lenfit_data_weighting_TA1.8_Trawl.png","Mean length for Trawl with 95% confidence intervals based on current samples sizes.<br>Francis data weighting method TA1.8: thinner intervals (with capped ends) show result of further adjusting sample sizes based on suggested multiplier (with 95% interval) for len data from Trawl:<br>1.186 (0.7179-8.2079) <br><br>For more info, see<br> <blockquote>Francis, R.I.C.C. (2011). Data weighting in statistical fisheries stock assessment models. <i>Can. J. Fish. Aquat. Sci.</i> 68: 1124-1138.  <a href=https://doi.org/10.1139/f2011-025> https://doi.org/10.1139/f2011-025</a> </blockquote>",NA,"LenComp",2022-12-05 12:34:22,"StartTime: Mon Dec 5 12:16:33 2022"
"comp_lenfit_flt2mkt0.png","Length comps, whole catch, Live.<br><br>'N adj.' is the input sample size after data-weighting adjustment. N eff. is the calculated effective sample size used in the McAllister-Ianelli tuning method.",NA,"LenComp",2022-12-05 12:34:22,"StartTime: Mon Dec 5 12:16:33 2022"
"comp_lenfit_residsflt2mkt0.png","Pearson residuals, whole catch, Live (max=2.88) <br> 
Closed bubbles are positive residuals (observed > expected) and open bubbles are negative residuals (observed < expected).",NA,"LenComp",2022-12-05 12:34:22,"StartTime: Mon Dec 5 12:16:33 2022"
"comp_lenfit_sampsize_flt2mkt0.png","N-EffN comparison, Length comps, whole catch, Live",NA,"LenComp",2022-12-05 12:34:22,"StartTime: Mon Dec 5 12:16:33 2022"
"comp_lenfit_data_weighting_TA1.8_Live.png","Mean length for Live with 95% confidence intervals based on current samples sizes.<br>Francis data weighting method TA1.8: thinner intervals (with capped ends) show result of further adjusting sample sizes based on suggested multiplier (with 95% interval) for len data from Live:<br>0.9445 (0.6264-2.167) <br><br>For more info, see<br> <blockquote>Francis, R.I.C.C. (2011). Data weighting in statistical fisheries stock assessment models. <i>Can. J. Fish. Aquat. Sci.</i> 68: 1124-1138.  <a href=https://doi.org/10.1139/f2011-025> https://doi.org/10.1139/f2011-025</a> </blockquote>",NA,"LenComp",2022-12-05 12:34:22,"StartTime: Mon Dec 5 12:16:33 2022"
"comp_lenfit_flt3mkt0.png","Length comps, whole catch, Dead.<br><br>'N adj.' is the input sample size after data-weighting adjustment. N eff. is the calculated effective sample size used in the McAllister-Ianelli tuning method.",NA,"LenComp",2022-12-05 12:34:22,"StartTime: Mon Dec 5 12:16:33 2022"
"comp_lenfit_residsflt3mkt0.png","Pearson residuals, whole catch, Dead (max=2.92) <br> 
Closed bubbles are positive residuals (observed > expected) and open bubbles are negative residuals (observed < expected).",NA,"LenComp",2022-12-05 12:34:22,"StartTime: Mon Dec 5 12:16:33 2022"
"comp_lenfit_sampsize_flt3mkt0.png","N-EffN comparison, Length comps, whole catch, Dead",NA,"LenComp",2022-12-05 12:34:22,"StartTime: Mon Dec 5 12:16:33 2022"
"comp_lenfit_data_weighting_TA1.8_Dead.png","Mean length for Dead with 95% confidence intervals based on current samples sizes.<br>Francis data weighting method TA1.8: thinner intervals (with capped ends) show result of further adjusting sample sizes based on suggested multiplier (with 95% interval) for len data from Dead:<br>1.0177 (0.6954-1.9657) <br><br>For more info, see<br> <blockquote>Francis, R.I.C.C. (2011). Data weighting in statistical fisheries stock assessment models. <i>Can. J. Fish. Aquat. Sci.</i> 68: 1124-1138.  <a href=https://doi.org/10.1139/f2011-025> https://doi.org/10.1139/f2011-025</a> </blockquote>",NA,"LenComp",2022-12-05 12:34:22,"StartTime: Mon Dec 5 12:16:33 2022"
"comp_lenfit_flt4mkt0_page1.png","Length comps, whole catch, RecO (plot 1 of 2).<br><br>'N adj.' is the input sample size after data-weighting adjustment. N eff. is the calculated effective sample size used in the McAllister-Ianelli tuning method.",NA,"LenComp",2022-12-05 12:34:22,"StartTime: Mon Dec 5 12:16:33 2022"
"comp_lenfit_flt4mkt0_page2.png","Length comps, whole catch, RecO (plot 1 of 2).<br><br>'N adj.' is the input sample size after data-weighting adjustment. N eff. is the calculated effective sample size used in the McAllister-Ianelli tuning method. (plot 2 of 2)",NA,"LenComp",2022-12-05 12:34:22,"StartTime: Mon Dec 5 12:16:33 2022"
"comp_lenfit_residsflt4mkt0_page2.png","Pearson residuals, whole catch, RecO (max=3.12) (plot 2 of 2) <br> 
Closed bubbles are positive residuals (observed > expected) and open bubbles are negative residuals (observed < expected).",NA,"LenComp",2022-12-05 12:34:22,"StartTime: Mon Dec 5 12:16:33 2022"
"comp_lenfit_sampsize_flt4mkt0.png","N-EffN comparison, Length comps, whole catch, RecO",NA,"LenComp",2022-12-05 12:34:22,"StartTime: Mon Dec 5 12:16:33 2022"
"comp_lenfit_data_weighting_TA1.8_RecO.png","Mean length for RecO with 95% confidence intervals based on current samples sizes.<br>Francis data weighting method TA1.8: thinner intervals (with capped ends) show result of further adjusting sample sizes based on suggested multiplier (with 95% interval) for len data from RecO:<br>1.0316 (0.8017-1.503) <br><br>For more info, see<br> <blockquote>Francis, R.I.C.C. (2011). Data weighting in statistical fisheries stock assessment models. <i>Can. J. Fish. Aquat. Sci.</i> 68: 1124-1138.  <a href=https://doi.org/10.1139/f2011-025> https://doi.org/10.1139/f2011-025</a> </blockquote>",NA,"LenComp",2022-12-05 12:34:22,"StartTime: Mon Dec 5 12:16:33 2022"
"comp_lenfit_flt5mkt0_page1.png","Length comps, whole catch, RecS (plot 1 of 2).<br><br>'N adj.' is the input sample size after data-weighting adjustment. N eff. is the calculated effective sample size used in the McAllister-Ianelli tuning method.",NA,"LenComp",2022-12-05 12:34:22,"StartTime: Mon Dec 5 12:16:33 2022"
"comp_lenfit_flt5mkt0_page2.png","Length comps, whole catch, RecS (plot 1 of 2).<br><br>'N adj.' is the input sample size after data-weighting adjustment. N eff. is the calculated effective sample size used in the McAllister-Ianelli tuning method. (plot 2 of 2)",NA,"LenComp",2022-12-05 12:34:22,"StartTime: Mon Dec 5 12:16:33 2022"
"comp_lenfit_residsflt5mkt0_page2.png","Pearson residuals, whole catch, RecS (max=3.23) (plot 2 of 2) <br> 
Closed bubbles are positive residuals (observed > expected) and open bubbles are negative residuals (observed < expected).",NA,"LenComp",2022-12-05 12:34:22,"StartTime: Mon Dec 5 12:16:33 2022"
"comp_lenfit_sampsize_flt5mkt0.png","N-EffN comparison, Length comps, whole catch, RecS",NA,"LenComp",2022-12-05 12:34:22,"StartTime: Mon Dec 5 12:16:33 2022"
"comp_lenfit_data_weighting_TA1.8_RecS.png","Mean length for RecS with 95% confidence intervals based on current samples sizes.<br>Francis data weighting method TA1.8: thinner intervals (with capped ends) show result of further adjusting sample sizes based on suggested multiplier (with 95% interval) for len data from RecS:<br>1.0491 (0.5397-3.3582) <br><br>For more info, see<br> <blockquote>Francis, R.I.C.C. (2011). Data weighting in statistical fisheries stock assessment models. <i>Can. J. Fish. Aquat. Sci.</i> 68: 1124-1138.  <a href=https://doi.org/10.1139/f2011-025> https://doi.org/10.1139/f2011-025</a> </blockquote>",NA,"LenComp",2022-12-05 12:34:22,"StartTime: Mon Dec 5 12:16:33 2022"
"sexratio_len_flt1mkt0.png","Sex ratios for length comps, whole catch, Trawl.<br>Observed sex ratios (points) with 75% intervals (vertical lines) calculated as a <a href='https://www.jstor.org/stable/2676784'>Jeffreys interval</a> based on the adjusted input sample size. The model expectation is shown  in the purple line.",NA,"LenComp",2022-12-05 12:34:22,"StartTime: Mon Dec 5 12:16:33 2022"
"sexratio_len_flt2mkt0.png","Sex ratios for length comps, whole catch, Live.<br>Observed sex ratios (points) with 75% intervals (vertical lines) calculated as a <a href='https://www.jstor.org/stable/2676784'>Jeffreys interval</a> based on the adjusted input sample size. The model expectation is shown  in the purple line.",NA,"LenComp",2022-12-05 12:34:22,"StartTime: Mon Dec 5 12:16:33 2022"
"sexratio_len_flt3mkt0.png","Sex ratios for length comps, whole catch, Dead.<br>Observed sex ratios (points) with 75% intervals (vertical lines) calculated as a <a href='https://www.jstor.org/stable/2676784'>Jeffreys interval</a> based on the adjusted input sample size. The model expectation is shown  in the purple line.",NA,"LenComp",2022-12-05 12:34:22,"StartTime: Mon Dec 5 12:16:33 2022"
"sexratio_len_flt4mkt0_page1.png","Sex ratios for length comps, whole catch, RecO (plot 1 of 2).<br>Observed sex ratios (points) with 75% intervals (vertical lines) calculated as a <a href='https://www.jstor.org/stable/2676784'>Jeffreys interval</a> based on the adjusted input sample size. The model expectation is shown  in the purple line.",NA,"LenComp",2022-12-05 12:34:22,"StartTime: Mon Dec 5 12:16:33 2022"
"sexratio_len_flt4mkt0_page2.png","Sex ratios for length comps, whole catch, RecO (plot 1 of 2).<br>Observed sex ratios (points) with 75% intervals (vertical lines) calculated as a <a href='https://www.jstor.org/stable/2676784'>Jeffreys interval</a> based on the adjusted input sample size. The model expectation is shown  in the purple line. (plot 2 of 2)",NA,"LenComp",2022-12-05 12:34:22,"StartTime: Mon Dec 5 12:16:33 2022"
"comp_condAALfit_residsflt1mkt0.png","Pearson residuals, whole catch, Trawl (max=5.31)",NA,"A@LComp",2022-12-05 12:34:22,"StartTime: Mon Dec 5 12:16:33 2022"
"comp_condAALfit_residsflt2mkt0.png","Pearson residuals, whole catch, Live (max=2.83)",NA,"A@LComp",2022-12-05 12:34:22,"StartTime: Mon Dec 5 12:16:33 2022"
"comp_condAALfit_residsflt3mkt0_page1.png","Pearson residuals, whole catch, Dead (max=10.92) (plot 1 of 2)",NA,"A@LComp",2022-12-05 12:34:22,"StartTime: Mon Dec 5 12:16:33 2022"
"comp_condAALfit_residsflt3mkt0_page2.png","Pearson residuals, whole catch, Dead (max=10.92) (plot 2 of 2)",NA,"A@LComp",2022-12-05 12:34:22,"StartTime: Mon Dec 5 12:16:33 2022"
"comp_condAALfit_residsflt4mkt0_page1.png","Pearson residuals, whole catch, RecO (max=5.72) (plot 1 of 3)",NA,"A@LComp",2022-12-05 12:34:22,"StartTime: Mon Dec 5 12:16:33 2022"
"comp_condAALfit_residsflt4mkt0_page2.png","Pearson residuals, whole catch, RecO (max=5.72) (plot 2 of 3)",NA,"A@LComp",2022-12-05 12:34:22,"StartTime: Mon Dec 5 12:16:33 2022"
"comp_condAALfit_residsflt4mkt0_page3.png","Pearson residuals, whole catch, RecO (max=5.72) (plot 3 of 3)",NA,"A@LComp",2022-12-05 12:34:22,"StartTime: Mon Dec 5 12:16:33 2022"
"comp_condAALfit_residsflt11mkt0_page1.png","Pearson residuals, whole catch, Small (max=4.73) (plot 1 of 2)",NA,"A@LComp",2022-12-05 12:34:22,"StartTime: Mon Dec 5 12:16:33 2022"
"comp_condAALfit_residsflt11mkt0_page2.png","Pearson residuals, whole catch, Small (max=4.73) (plot 2 of 2)",NA,"A@LComp",2022-12-05 12:34:22,"StartTime: Mon Dec 5 12:16:33 2022"
"comp_condAALfit_data_weighting_TA1.8_condAgeTrawl.png","Mean age from conditional data (aggregated across length bins) for Trawl with 95% confidence intervals  based on current samples sizes.<br>Francis data weighting method TA1.8: thinner intervals (with capped ends) show result of further adjusting sample sizes based on suggested multiplier (with 95% interval) for conditional age-at-length data from Trawl:<br>0.4518 (0.4518-Inf) <br><br>For more info, see<br> <blockquote>Francis, R.I.C.C. (2011). Data weighting in statistical fisheries stock assessment models. <i>Can. J. Fish. Aquat. Sci.</i> 68: 1124-1138.</blockquote>",NA,"A@LComp",2022-12-05 12:34:22,"StartTime: Mon Dec 5 12:16:33 2022"
"comp_condAALfit_Andre_plotsflt1mkt0.png","Conditional AAL plot, whole catch, Trawl
These plots show mean age and std. dev. in conditional A@L.<br>Left plots are mean A@L by size-class (obs. and exp.) with 90% CIs based on adding 1.64 SE of mean to the data.<br>Right plots in each pair are SE of mean A@L (obs. and exp.) with 90% CIs based on the chi-square distribution.",NA,"A@LComp",2022-12-05 12:34:22,"StartTime: Mon Dec 5 12:16:33 2022"
"comp_condAALfit_data_weighting_TA1.8_condAgeLive.png","Mean age from conditional data (aggregated across length bins) for Live with 95% confidence intervals  based on current samples sizes.<br>Francis data weighting method TA1.8: thinner intervals (with capped ends) show result of further adjusting sample sizes based on suggested multiplier (with 95% interval) for conditional age-at-length data from Live:<br>4.611 (4.4738-Inf) <br><br>For more info, see<br> <blockquote>Francis, R.I.C.C. (2011). Data weighting in statistical fisheries stock assessment models. <i>Can. J. Fish. Aquat. Sci.</i> 68: 1124-1138.</blockquote>",NA,"A@LComp",2022-12-05 12:34:22,"StartTime: Mon Dec 5 12:16:33 2022"
"comp_condAALfit_Andre_plotsflt2mkt0.png","Conditional AAL plot, whole catch, Live
These plots show mean age and std. dev. in conditional A@L.<br>Left plots are mean A@L by size-class (obs. and exp.) with 90% CIs based on adding 1.64 SE of mean to the data.<br>Right plots in each pair are SE of mean A@L (obs. and exp.) with 90% CIs based on the chi-square distribution.",NA,"A@LComp",2022-12-05 12:34:22,"StartTime: Mon Dec 5 12:16:33 2022"
"comp_condAALfit_data_weighting_TA1.8_condAgeDead.png","Mean age from conditional data (aggregated across length bins) for Dead with 95% confidence intervals  based on current samples sizes.<br>Francis data weighting method TA1.8: thinner intervals (with capped ends) show result of further adjusting sample sizes based on suggested multiplier (with 95% interval) for conditional age-at-length data from Dead:<br>2.5251 (1.3336-10.7811) <br><br>For more info, see<br> <blockquote>Francis, R.I.C.C. (2011). Data weighting in statistical fisheries stock assessment models. <i>Can. J. Fish. Aquat. Sci.</i> 68: 1124-1138.</blockquote>",NA,"A@LComp",2022-12-05 12:34:22,"StartTime: Mon Dec 5 12:16:33 2022"
"comp_condAALfit_Andre_plotsflt3mkt0_page1.png","Conditional AAL plot, whole catch, Dead (plot 1 of 4)
These plots show mean age and std. dev. in conditional A@L.<br>Left plots are mean A@L by size-class (obs. and exp.) with 90% CIs based on adding 1.64 SE of mean to the data.<br>Right plots in each pair are SE of mean A@L (obs. and exp.) with 90% CIs based on the chi-square distribution.",NA,"A@LComp",2022-12-05 12:34:22,"StartTime: Mon Dec 5 12:16:33 2022"
"comp_condAALfit_Andre_plotsflt3mkt0_page2.png","Conditional AAL plot, whole catch, Dead (plot 2 of 4)",NA,"A@LComp",2022-12-05 12:34:22,"StartTime: Mon Dec 5 12:16:33 2022"
"comp_condAALfit_Andre_plotsflt3mkt0_page3.png","Conditional AAL plot, whole catch, Dead (plot 3 of 4)",NA,"A@LComp",2022-12-05 12:34:22,"StartTime: Mon Dec 5 12:16:33 2022"
"comp_condAALfit_Andre_plotsflt3mkt0_page4.png","Conditional AAL plot, whole catch, Dead (plot 4 of 4)",NA,"A@LComp",2022-12-05 12:34:22,"StartTime: Mon Dec 5 12:16:33 2022"
"comp_condAALfit_data_weighting_TA1.8_condAgeRecO.png","Mean age from conditional data (aggregated across length bins) for RecO with 95% confidence intervals  based on current samples sizes.<br>Francis data weighting method TA1.8: thinner intervals (with capped ends) show result of further adjusting sample sizes based on suggested multiplier (with 95% interval) for conditional age-at-length data from RecO:<br>3.8254 (2.7935-7.2218) <br><br>For more info, see<br> <blockquote>Francis, R.I.C.C. (2011). Data weighting in statistical fisheries stock assessment models. <i>Can. J. Fish. Aquat. Sci.</i> 68: 1124-1138.</blockquote>",NA,"A@LComp",2022-12-05 12:34:22,"StartTime: Mon Dec 5 12:16:33 2022"
"comp_condAALfit_Andre_plotsflt4mkt0_page1.png","Conditional AAL plot, whole catch, RecO (plot 1 of 4)
These plots show mean age and std. dev. in conditional A@L.<br>Left plots are mean A@L by size-class (obs. and exp.) with 90% CIs based on adding 1.64 SE of mean to the data.<br>Right plots in each pair are SE of mean A@L (obs. and exp.) with 90% CIs based on the chi-square distribution.",NA,"A@LComp",2022-12-05 12:34:22,"StartTime: Mon Dec 5 12:16:33 2022"
"comp_condAALfit_Andre_plotsflt4mkt0_page2.png","Conditional AAL plot, whole catch, RecO (plot 2 of 4)",NA,"A@LComp",2022-12-05 12:34:22,"StartTime: Mon Dec 5 12:16:33 2022"
"comp_condAALfit_Andre_plotsflt4mkt0_page3.png","Conditional AAL plot, whole catch, RecO (plot 3 of 4)",NA,"A@LComp",2022-12-05 12:34:22,"StartTime: Mon Dec 5 12:16:33 2022"
"comp_condAALfit_Andre_plotsflt4mkt0_page4.png","Conditional AAL plot, whole catch, RecO (plot 4 of 4)",NA,"A@LComp",2022-12-05 12:34:22,"StartTime: Mon Dec 5 12:16:33 2022"
"comp_condAALfit_data_weighting_TA1.8_condAgeSmall.png","Mean age from conditional data (aggregated across length bins) for Small with 95% confidence intervals  based on current samples sizes.<br>Francis data weighting method TA1.8: thinner intervals (with capped ends) show result of further adjusting sample sizes based on suggested multiplier (with 95% interval) for conditional age-at-length data from Small:<br>56.0764 (39.4529-283.6785) <br><br>For more info, see<br> <blockquote>Francis, R.I.C.C. (2011). Data weighting in statistical fisheries stock assessment models. <i>Can. J. Fish. Aquat. Sci.</i> 68: 1124-1138.</blockquote>",NA,"A@LComp",2022-12-05 12:34:22,"StartTime: Mon Dec 5 12:16:33 2022"
"comp_condAALfit_Andre_plotsflt11mkt0_page1.png","Conditional AAL plot, whole catch, Small (plot 1 of 2)
These plots show mean age and std. dev. in conditional A@L.<br>Left plots are mean A@L by size-class (obs. and exp.) with 90% CIs based on adding 1.64 SE of mean to the data.<br>Right plots in each pair are SE of mean A@L (obs. and exp.) with 90% CIs based on the chi-square distribution.",NA,"A@LComp",2022-12-05 12:34:22,"StartTime: Mon Dec 5 12:16:33 2022"
"comp_condAALfit_Andre_plotsflt11mkt0_page2.png","Conditional AAL plot, whole catch, Small (plot 2 of 2)",NA,"A@LComp",2022-12-05 12:34:22,"StartTime: Mon Dec 5 12:16:33 2022"
"yield1_yield_curve.png","Yield curve",NA,"Yield",2022-12-05 12:34:22,"StartTime: Mon Dec 5 12:16:33 2022"
"yield2_yield_curve_with_refpoints.png","Yield curve with reference points",NA,"Yield",2022-12-05 12:34:22,"StartTime: Mon Dec 5 12:16:33 2022"
"yield3_surplus_production.png","Surplus production vs. biomass plot. For interpretation, see<br> <blockquote>Walters, Hilborn, and  Christensen, 2008, Surplus production dynamics in declining and recovering fish populations. <i>Can. J. Fish. Aquat. Sci.</i> 65: 2536-2551.</blockquote>",NA,"Yield",2022-12-05 12:34:22,"StartTime: Mon Dec 5 12:16:33 2022"
"yield4_YPR_timeseries.png","Time series of yield per recruit (kg)",NA,"Yield",2022-12-05 12:34:22,"StartTime: Mon Dec 5 12:16:33 2022"
"data_plot.png","Data presence by year for each fleet and data type.",NA,"Data",2022-12-05 12:34:22,"StartTime: Mon Dec 5 12:16:33 2022"
"data_plot2.png","Data presence by year for each fleet, where circle area is <br>  relative within a data type. Circles are proportional to <br>  total catch for catches; to precision for indices, discards, and <br>  mean body weight observations; and to total sample size for <br> compositions and mean weight- or length-at-age observations. <br> 'Ghost' observations (not included in the likelihood) have <br> equal size for all years. <br> Note that since the circles are are scaled relative <br>  to maximum within each type, the scaling within separate plots <br>  should not be compared.",NA,"Data",2022-12-05 12:34:22,"StartTime: Mon Dec 5 12:16:33 2022"
"parameter_distributions.png","Parameter distribution plots <br>Deviation parameters are not included. <br>Plotting range is equal to input limits on parameters. Use fitrange = TRUE to scale the range to the estimates.",NA,"Pars",2022-12-05 12:34:22,"StartTime: Mon Dec 5 12:16:33 2022"
"parameterchecks.html","Table of estimated parameters (excluding deviation parameters) sorted by parameters with the largest gradients; any parameter with a gradient value with an absolute value above 0.001 (for SS 3.30 models) or a parameter on bounds is colored in red.",NA,"DiagnosticTables",2022-12-05 12:34:22,"StartTime: Mon Dec 5 12:16:33 2022"
